Section,Page,Demo name,Example ID,Docs link,Environment,Docs OK,Docs note,Sandbox OK,Sandbox note
Getting started,Demo,Demo,example3,https://handsontable.com/docs/vue-data-grid/demo/#example3,prod,PASS,,PASS,
Getting started,Installation,Preview the result,example1,https://handsontable.com/docs/vue-data-grid/installation/#example1,prod,PASS,,PASS,
Getting started,Configuration options,Example,example1,https://handsontable.com/docs/vue-data-grid/configuration-options/#example1,prod,PASS,,PASS,
Getting started,Configuration options,Example,example2,https://handsontable.com/docs/vue-data-grid/configuration-options/#example2,prod,PASS,,PASS,
Getting started,Configuration options,Example,example3,https://handsontable.com/docs/vue-data-grid/configuration-options/#example3,prod,PASS,,PASS,
Getting started,Configuration options,Example,example4,https://handsontable.com/docs/vue-data-grid/configuration-options/#example4,prod,PASS,,PASS,
Getting started,Configuration options,Solution,example6,https://handsontable.com/docs/vue-data-grid/configuration-options/#example6,prod,PASS,,PASS,
Getting started,Grid size,Compare size units,example2,https://handsontable-docs-staging.pages.dev/docs/vue-data-grid/grid-size/#example2,dev (staging),PASS,,PASS,
Getting started,Grid size,Manual resizing,example,https://handsontable.com/docs/vue-data-grid/grid-size/#example,prod,PASS,,PASS,
Getting started,"Custom ID, class, and style","Set the id, class, and style",example1,https://handsontable.com/docs/vue-data-grid/custom-id-class-style/#example1,prod,PASS,,PASS,
Getting started,Instance reference,Use Handsontable's API,example1,https://handsontable.com/docs/vue-data-grid/vue-instance-reference/#example1,prod,PASS,,PASS,
Getting started,HotColumn component,Declare column settings,example1,https://handsontable.com/docs/vue-data-grid/vue-hot-column/#example1,prod,PASS,,PASS,
Getting started,HotColumn component,Array of objects,example2,https://handsontable.com/docs/vue-data-grid/vue-hot-column/#example2,prod,PASS,,PASS,
Getting started,HotColumn component,Declare a custom editor as a component,example3,https://handsontable.com/docs/vue-data-grid/vue-hot-column/#example3,prod,PASS,,PASS,
Getting started,HotColumn component,Declare a custom renderer,example4,https://handsontable.com/docs/vue-data-grid/vue-hot-column/#example4,prod,PASS,,PASS,
Getting started,HotColumn component,Render columns dynamically,example5,https://handsontable-docs-staging.pages.dev/docs/vue-data-grid/vue-hot-column/#example5,dev (staging),PASS,,PASS,
Getting started,Vuex state management,Integrate with Vuex,example1,https://handsontable.com/docs/vue-data-grid/vue-vuex/#example1,prod,PASS,,PASS,
Getting started,Pinia state management,Example,example1,https://handsontable.com/docs/vue-data-grid/vue-pinia/#example1,prod,PASS,,PASS,
Styling,Themes,Built-in themes,exampleTheme,https://handsontable.com/docs/vue-data-grid/themes/#exampleTheme,prod,PASS,,PASS,
Styling,Theme Customization,Theme API example,example2,https://handsontable.com/docs/vue-data-grid/theme-customization/#example2,prod,PASS,,PASS,
Styling,Theme Customization,Option 3: Override CSS variables,example1,https://handsontable.com/docs/vue-data-grid/theme-customization/#example1,prod,PASS,,PASS,
Columns,Column headers,Default headers,example1,https://handsontable.com/docs/vue-data-grid/column-header/#example1,prod,PASS,,PASS,
Columns,Column headers,Header labels as an array,example2,https://handsontable.com/docs/vue-data-grid/column-header/#example2,prod,PASS,,PASS,
Columns,Column headers,Header labels as a function,example3,https://handsontable.com/docs/vue-data-grid/column-header/#example3,prod,PASS,,PASS,
Columns,Column headers,Header labels in the columns option,example6,https://handsontable-docs-staging.pages.dev/docs/vue-data-grid/column-header/#example6,dev (staging),PASS,,PASS,
Columns,Column headers,Customize column headers,example4,https://handsontable.com/docs/vue-data-grid/column-header/#example4,prod,PASS,,PASS,
Columns,Column headers,Customize column headers,example5,https://handsontable.com/docs/vue-data-grid/column-header/#example5,prod,PASS,,PASS,
Columns,Column headers,Column header height,example7,https://handsontable-docs-staging.pages.dev/docs/vue-data-grid/column-header/#example7,dev (staging),PASS,,PASS,
Columns,Column groups,Example,example1,https://handsontable.com/docs/vue-data-grid/column-groups/#example1,prod,PASS,,PASS,
Columns,Column groups,Example,example2,https://handsontable.com/docs/vue-data-grid/column-groups/#example2,prod,PASS,,PASS,
Columns,Column groups,Choose which columns stay visible when collapsed,example3,https://handsontable.com/docs/vue-data-grid/column-groups/#example3,prod,PASS,,PASS,
Columns,Column groups,Keep a group cohesive or let it split,example4,https://handsontable-docs-staging.pages.dev/docs/vue-data-grid/column-groups/#example4,dev (staging),PASS,,PASS,
Columns,Column hiding,Enable column hiding,example1,https://handsontable.com/docs/vue-data-grid/column-hiding/#example1,prod,PASS,,PASS,
Columns,Column hiding,Step 1: Specify columns hidden by default,example2,https://handsontable.com/docs/vue-data-grid/column-hiding/#example2,prod,PASS,,PASS,
Columns,Column hiding,Step 2: Show UI indicators,example3,https://handsontable.com/docs/vue-data-grid/column-hiding/#example3,prod,PASS,,PASS,
Columns,Column hiding,Step 3: Set up context menu items,example4,https://handsontable.com/docs/vue-data-grid/column-hiding/#example4,prod,PASS,,PASS,
Columns,Column hiding,Step 3: Set up context menu items,example5,https://handsontable.com/docs/vue-data-grid/column-hiding/#example5,prod,PASS,,PASS,
Columns,Column hiding,Step 4: Set up copy and paste behavior,example6,https://handsontable.com/docs/vue-data-grid/column-hiding/#example6,prod,PASS,,PASS,
Columns,Adding and removing columns,Insert and remove columns with the API,example1,https://handsontable-docs-staging.pages.dev/docs/vue-data-grid/column-adding/#example1,dev (staging),PASS,,PASS,
Columns,Adding and removing columns,Add and remove columns from the context menu,example2,https://handsontable-docs-staging.pages.dev/docs/vue-data-grid/column-adding/#example2,dev (staging),PASS,,PASS,
Columns,Column moving,Enable the plugin,example1,https://handsontable.com/docs/vue-data-grid/column-moving/#example1,prod,PASS,,PASS,
Columns,Column moving,Move column headers,example2,https://handsontable.com/docs/vue-data-grid/column-moving/#example2,prod,PASS,,PASS,
Columns,Column moving,Move column headers,example3,https://handsontable.com/docs/vue-data-grid/column-moving/#example3,prod,PASS,,PASS,
Columns,Column freezing,Freeze columns at initialization,example1,https://handsontable.com/docs/vue-data-grid/column-freezing/#example1,prod,PASS,,PASS,
Columns,Column freezing,User-triggered freeze,example2,https://handsontable.com/docs/vue-data-grid/column-freezing/#example2,prod,PASS,,PASS,
Columns,Column widths,Set the column width as a constant,example1,https://handsontable.com/docs/vue-data-grid/column-width/#example1,prod,PASS,,PASS,
Columns,Column widths,Set the column width in an array,example2,https://handsontable.com/docs/vue-data-grid/column-width/#example2,prod,PASS,,PASS,
Columns,Column widths,Set the column width using a function,example3,https://handsontable.com/docs/vue-data-grid/column-width/#example3,prod,PASS,,PASS,
Columns,Column widths,Set a dynamic maximum column width,example7,https://handsontable-docs-staging.pages.dev/docs/vue-data-grid/column-width/#example7,dev (staging),PASS,,PASS,
Columns,Column widths,Adjust the column width manually,example4,https://handsontable.com/docs/vue-data-grid/column-width/#example4,prod,PASS,,PASS,
Columns,Column widths,Fit all columns equally,example5,https://handsontable.com/docs/vue-data-grid/column-width/#example5,prod,PASS,,PASS,
Columns,Column widths,Stretch only the last column,example6,https://handsontable.com/docs/vue-data-grid/column-width/#example6,prod,PASS,,PASS,
Columns,Column summary,Column summary example,example1,https://handsontable.com/docs/vue-data-grid/column-summary/#example1,prod,PASS,,PASS,
Columns,Column summary,Step 5: Make room for the destination cell,example2,https://handsontable.com/docs/vue-data-grid/column-summary/#example2,prod,PASS,,PASS,
Columns,Column summary,"Set up column summaries, using a function",example7,https://handsontable.com/docs/vue-data-grid/column-summary/#example7,prod,PASS,,PASS,
Columns,Column summary,"Set up column summaries, using a function",example8,https://handsontable.com/docs/vue-data-grid/column-summary/#example8,prod,PASS,,PASS,
Columns,Column summary,Implement a custom summary function,example9,https://handsontable.com/docs/vue-data-grid/column-summary/#example9,prod,PASS,,PASS,
Columns,Column summary,Round a column summary result,example12,https://handsontable.com/docs/vue-data-grid/column-summary/#example12,prod,PASS,,PASS,
Columns,Column summary,Force numeric values,example10,https://handsontable.com/docs/vue-data-grid/column-summary/#example10,prod,PASS,,PASS,
Columns,Column summary,Throw data type errors,example11,https://handsontable.com/docs/vue-data-grid/column-summary/#example11,prod,PASS,,PASS,
Columns,Column virtualization,Configure the column virtualization,example1,https://handsontable.com/docs/vue-data-grid/column-virtualization/#example1,prod,PASS,,PASS,
Columns,Column filter,Filtering demo,exampleFilterBasicDemo,https://handsontable.com/docs/vue-data-grid/column-filter/#exampleFilterBasicDemo,prod,PASS,,PASS,
Columns,Column filter,Enable filtering,exampleShowFilterItemsOnly,https://handsontable.com/docs/vue-data-grid/column-filter/#exampleShowFilterItemsOnly,prod,PASS,,PASS,
Columns,Column filter,Enable filtering for individual columns,exampleEnableFilterInColumns,https://handsontable.com/docs/vue-data-grid/column-filter/#exampleEnableFilterInColumns,prod,PASS,,PASS,
Columns,Column filter,Enable filtering within already filtered results,exampleSearchMode,https://handsontable.com/docs/vue-data-grid/column-filter/#exampleSearchMode,prod,PASS,,PASS,
Columns,Column filter,Filter different types of data,exampleFilterDifferentTypes,https://handsontable.com/docs/vue-data-grid/column-filter/#exampleFilterDifferentTypes,prod,PASS,,PASS,
Columns,Column filter,Filter data on initialization,exampleFilterOnInitialization,https://handsontable.com/docs/vue-data-grid/column-filter/#exampleFilterOnInitialization,prod,PASS,,PASS,
Columns,Column filter,External quick filter,exampleQuickFilter,https://handsontable.com/docs/vue-data-grid/column-filter/#exampleQuickFilter,prod,PASS,,PASS,
Columns,Column filter,Customize the filter button,exampleCustomFilterButton,https://handsontable.com/docs/vue-data-grid/column-filter/#exampleCustomFilterButton,prod,PASS,,PASS,
Columns,Column filter,Customize the filter button,exampleCustomFilterButton2,https://handsontable.com/docs/vue-data-grid/column-filter/#exampleCustomFilterButton2,prod,PASS,,PASS,
Columns,Column filter,Exclude rows from filtering,exampleExcludeRowsFromFiltering,https://handsontable.com/docs/vue-data-grid/column-filter/#exampleExcludeRowsFromFiltering,prod,PASS,,PASS,
Columns,Column filter,Server-side filtering,exampleServerSideFilter,https://handsontable.com/docs/vue-data-grid/column-filter/#exampleServerSideFilter,prod,PASS,,PASS,
Columns,Column filter,Filter data programmatically,exampleFilterThroughAPI1,https://handsontable.com/docs/vue-data-grid/column-filter/#exampleFilterThroughAPI1,prod,PASS,,PASS,
Columns,Column filter,Save and restore filter settings,exampleSaveRestoreFilters,https://handsontable-docs-staging.pages.dev/docs/vue-data-grid/column-filter/#exampleSaveRestoreFilters,dev (staging),PASS,,PASS,
Columns,Column filter,Get filtered data,exampleGetFilteredData,https://handsontable-docs-staging.pages.dev/docs/vue-data-grid/column-filter/#exampleGetFilteredData,dev (staging),PASS,,PASS,
Rows,Row headers,Row headers as an array,example2,https://handsontable-docs-staging.pages.dev/docs/vue-data-grid/row-header/#example2,dev (staging),PASS,,PASS,
Rows,Row headers,Row headers as a function,example3,https://handsontable-docs-staging.pages.dev/docs/vue-data-grid/row-header/#example3,dev (staging),PASS,,PASS,
Rows,Row headers,Basic example,example1,https://handsontable.com/docs/vue-data-grid/row-header/#example1,prod,PASS,,PASS,
Rows,Row parent-child,Prepare the data source,example1,https://handsontable.com/docs/vue-data-grid/row-parent-child/#example1,prod,PASS,,PASS,
Rows,Row hiding,Enable row hiding,example1,https://handsontable.com/docs/vue-data-grid/row-hiding/#example1,prod,PASS,,PASS,
Rows,Row hiding,Step 1: Specify rows hidden by default,example2,https://handsontable.com/docs/vue-data-grid/row-hiding/#example2,prod,PASS,,PASS,
Rows,Row hiding,Step 2: Show UI indicators,example3,https://handsontable.com/docs/vue-data-grid/row-hiding/#example3,prod,PASS,,PASS,
Rows,Row hiding,Step 3: Set up context menu items,example4,https://handsontable.com/docs/vue-data-grid/row-hiding/#example4,prod,PASS,,PASS,
Rows,Row hiding,Step 3: Set up context menu items,example5,https://handsontable.com/docs/vue-data-grid/row-hiding/#example5,prod,PASS,,PASS,
Rows,Row hiding,Step 4: Set up copy and paste behavior,example6,https://handsontable.com/docs/vue-data-grid/row-hiding/#example6,prod,PASS,,PASS,
Rows,Row moving,Enable the ManualRowMove plugin,example1,https://handsontable.com/docs/vue-data-grid/row-moving/#example1,prod,PASS,,PASS,
Rows,Row freezing,Example,example1,https://handsontable.com/docs/vue-data-grid/row-freezing/#example1,prod,PASS,,PASS,
Rows,Row heights,Set row heights to a number,example1,https://handsontable.com/docs/vue-data-grid/row-height/#example1,prod,PASS,,PASS,
Rows,Row heights,Set row heights with an array,example2,https://handsontable.com/docs/vue-data-grid/row-height/#example2,prod,PASS,,PASS,
Rows,Row heights,Set row heights with a function,example3,https://handsontable.com/docs/vue-data-grid/row-height/#example3,prod,PASS,,PASS,
Rows,Row heights,Adjust row heights manually,example4,https://handsontable.com/docs/vue-data-grid/row-height/#example4,prod,PASS,,PASS,
Rows,Row virtualization,Configuring row virtualization,example1,https://handsontable.com/docs/vue-data-grid/row-virtualization/#example1,prod,PASS,,PASS,
Rows,Rows sorting,Sorting demo,exampleSortingDemo,https://handsontable.com/docs/vue-data-grid/rows-sorting/#exampleSortingDemo,prod,PASS,,PASS,
Rows,Rows sorting,Enable sorting,exampleEnableSortingForColumns,https://handsontable.com/docs/vue-data-grid/rows-sorting/#exampleEnableSortingForColumns,prod,PASS,,PASS,
Rows,Rows sorting,Sort different types of data,exampleSortDifferentTypes,https://handsontable.com/docs/vue-data-grid/rows-sorting/#exampleSortDifferentTypes,prod,PASS,,PASS,
Rows,Rows sorting,Use sorting hooks,exampleSortingHooks,https://handsontable-docs-staging.pages.dev/docs/vue-data-grid/rows-sorting/#exampleSortingHooks,dev (staging),PASS,,PASS,
Rows,Rows sorting,Exclude rows from sorting,exampleExcludeRowsFromSorting,https://handsontable.com/docs/vue-data-grid/rows-sorting/#exampleExcludeRowsFromSorting,prod,PASS,,PASS,
Rows,Rows sorting,Sort data programmatically,exampleSortByAPI,https://handsontable.com/docs/vue-data-grid/rows-sorting/#exampleSortByAPI,prod,PASS,,PASS,
Rows,Rows sorting,Sort by multiple columns,exampleSortByMultipleColumns,https://handsontable.com/docs/vue-data-grid/rows-sorting/#exampleSortByMultipleColumns,prod,PASS,,PASS,
Rows,Rows sorting,Set an initial multi-column sort order,exampleInitialSortOrder,https://handsontable.com/docs/vue-data-grid/rows-sorting/#exampleInitialSortOrder,prod,PASS,,PASS,
Rows,Rows sorting,Sort by multiple columns programmatically,exampleSortByAPIMultipleColumns,https://handsontable.com/docs/vue-data-grid/rows-sorting/#exampleSortByAPIMultipleColumns,prod,PASS,,PASS,
Rows,Rows sorting,Add custom sort icons,exampleCustomSortIcons,https://handsontable.com/docs/vue-data-grid/rows-sorting/#exampleCustomSortIcons,prod,PASS,,PASS,
Rows,Rows sorting,Add custom sort icons,exampleCustomSortIcons3,https://handsontable.com/docs/vue-data-grid/rows-sorting/#exampleCustomSortIcons3,prod,PASS,,PASS,
Rows,Rows pagination,Pagination demo,example1,https://handsontable.com/docs/vue-data-grid/rows-pagination/#example1,prod,PASS,,PASS,
Rows,Rows pagination,Configure pagination,example2,https://handsontable.com/docs/vue-data-grid/rows-pagination/#example2,prod,PASS,,PASS,
Rows,Rows pagination,Control pagination programmatically,example3,https://handsontable.com/docs/vue-data-grid/rows-pagination/#example3,prod,PASS,,PASS,
Rows,Rows pagination,Choose where to display the pagination UI,example4,https://handsontable.com/docs/vue-data-grid/rows-pagination/#example4,prod,PASS,,PASS,
Rows,Rows pagination,Modify paged data,example5,https://handsontable.com/docs/vue-data-grid/rows-pagination/#example5,prod,PASS,,PASS,
Rows,Rows pagination,Localize pagination,example6,https://handsontable.com/docs/vue-data-grid/rows-pagination/#example6,prod,PASS,,PASS,
Rows,Row trimming,Example,example1,https://handsontable.com/docs/vue-data-grid/row-trimming/#example1,prod,PASS,,PASS,
Rows,Row pre-populating,Basic spare rows,example1,https://handsontable.com/docs/vue-data-grid/row-prepopulating/#example1,prod,PASS,,PASS,
Rows,Row pre-populating,Spare rows with placeholder styling,example2,https://handsontable.com/docs/vue-data-grid/row-prepopulating/#example2,prod,PASS,,PASS,
Rows,Row pre-populating,Auto-populating with template values,example3,https://handsontable.com/docs/vue-data-grid/row-prepopulating/#example3,prod,PASS,,PASS,
Cell features,Selection,Select ranges,example1,https://handsontable.com/docs/vue-data-grid/selection/#example1,prod,PASS,,PASS,
Cell features,Selection,Get data from the selected ranges,example2,https://handsontable.com/docs/vue-data-grid/selection/#example2,prod,PASS,,PASS,
Cell features,Selection,Modify the selected cells,example3,https://handsontable.com/docs/vue-data-grid/selection/#example3,prod,PASS,,PASS,
Cell features,Selection,Style the selection area,example4,https://handsontable.com/docs/vue-data-grid/selection/#example4,prod,PASS,,PASS,
Cell features,Selection,Select cells programmatically,example5,https://handsontable.com/docs/vue-data-grid/selection/#example5,prod,PASS,,PASS,
Cell features,Selection,Jump across horizontal edges,example6,https://handsontable-docs-staging.pages.dev/docs/vue-data-grid/selection/#example6,dev (staging),PASS,,PASS,
Cell features,Merge cells,How to merge cells,example1,https://handsontable.com/docs/vue-data-grid/merge-cells/#example1,prod,PASS,,PASS,
Cell features,Merge cells,Optimizing rendering of the wide/tall merged cells,example2,https://handsontable.com/docs/vue-data-grid/merge-cells/#example2,prod,PASS,,PASS,
Cell features,Conditional formatting,Example of conditional formatting,example1,https://handsontable.com/docs/vue-data-grid/conditional-formatting/#example1,prod,PASS,,PASS,
Cell features,Text alignment,Basic example,example1,https://handsontable.com/docs/vue-data-grid/text-alignment/#example1,prod,PASS,,PASS,
Cell features,Disabled cells,To disable a cell,exampleReadOnlyGrid,https://handsontable.com/docs/vue-data-grid/disabled-cells/#exampleReadOnlyGrid,prod,PASS,,PASS,
Cell features,Disabled cells,To disable a column,example1,https://handsontable.com/docs/vue-data-grid/disabled-cells/#example1,prod,PASS,,PASS,
Cell features,Disabled cells,To disable a row,example2,https://handsontable.com/docs/vue-data-grid/disabled-cells/#example2,prod,PASS,,PASS,
Cell features,Disabled cells,To disable a column (non-editable),example3,https://handsontable.com/docs/vue-data-grid/disabled-cells/#example3,prod,PASS,,PASS,
Cell features,Disabled cells,To disable a cell,example4,https://handsontable.com/docs/vue-data-grid/disabled-cells/#example4,prod,PASS,,PASS,
Cell features,Comments,Basic example,example1,https://handsontable.com/docs/vue-data-grid/comments/#example1,prod,PASS,,PASS,
Cell features,Comments,Make a comment read-only,example2,https://handsontable.com/docs/vue-data-grid/comments/#example2,prod,PASS,,PASS,
Cell features,Comments,Set a comment box's size,example3,https://handsontable.com/docs/vue-data-grid/comments/#example3,prod,PASS,,PASS,
Cell features,Comments,Set a delay for displaying comments,example4,https://handsontable.com/docs/vue-data-grid/comments/#example4,prod,PASS,,PASS,
Cell features,Autofill values,How double-click autofill determines the range,example1,https://handsontable.com/docs/vue-data-grid/autofill-values/#example1,prod,PASS,,PASS,
Cell features,Autofill values,Autofill in a vertical direction only and creating new rows,example2,https://handsontable.com/docs/vue-data-grid/autofill-values/#example2,prod,PASS,,PASS,
Cell features,Formatting cells,Apply custom CSS class styles,example1,https://handsontable.com/docs/vue-data-grid/formatting-cells/#example1,prod,PASS,,PASS,
Cell features,Formatting cells,Apply inline styles,example2,https://handsontable.com/docs/vue-data-grid/formatting-cells/#example2,prod,PASS,,PASS,
Cell features,Formatting cells,Custom cell borders,example3,https://handsontable.com/docs/vue-data-grid/formatting-cells/#example3,prod,PASS,,PASS,
Cell functions,Cell functions,"Mixing renderer, editor, and validator",example1,https://handsontable.com/docs/vue-data-grid/cell-function/#example1,prod,PASS,,PASS,
Cell functions,Cell renderer,Declare a custom renderer as a component,example1,https://handsontable.com/docs/vue-data-grid/cell-renderer/#example1,prod,PASS,,PASS,
Cell functions,Cell renderer,Declare a custom renderer as a component,example2,https://handsontable.com/docs/vue-data-grid/cell-renderer/#example2,prod,PASS,,PASS,
Cell functions,Cell renderer,Render custom HTML in cells,example4,https://handsontable.com/docs/vue-data-grid/cell-renderer/#example4,prod,PASS,,PASS,
Cell functions,Cell renderer,Render custom HTML in header,example5,https://handsontable.com/docs/vue-data-grid/cell-renderer/#example5,prod,PASS,,PASS,
Cell functions,Cell editor,Extending an existing editor,example1,https://handsontable.com/docs/vue-data-grid/cell-editor/#example1,prod,PASS,,PASS,
Cell functions,Cell editor,Building an editor from scratch,example2,https://handsontable.com/docs/vue-data-grid/cell-editor/#example2,prod,PASS,,FAIL,"vite build fails: Missing ""./helpers/dom/event"" specifier in ""handsontable"" package — the import is not exposed by the published package exports map"
Cell functions,Cell validator,Full featured example,example1,https://handsontable.com/docs/vue-data-grid/cell-validator/#example1,prod,PASS,,PASS,
Cell functions,Custom Cells,Function renderer,example1,https://handsontable.com/docs/vue-data-grid/custom-cells/#example1,prod,PASS,,PASS,
Cell functions,Custom Cells,Vue component renderer,example2,https://handsontable.com/docs/vue-data-grid/custom-cells/#example2,prod,PASS,,PASS,
Cell functions,Custom Cells,Custom editors,example3,https://handsontable.com/docs/vue-data-grid/custom-cells/#example3,prod,PASS,,PASS,
Cell types,Cell type,Built-in cell types example,example1,https://handsontable.com/docs/vue-data-grid/cell-type/#example1,prod,PASS,,PASS,
Cell types,Cell type,Empty cells,example2,https://handsontable.com/docs/vue-data-grid/cell-type/#example2,prod,PASS,,PASS,
Cell types,Numeric cell type,Numeric cell type demo,example1,https://handsontable.com/docs/vue-data-grid/numeric-cell-type/#example1,prod,PASS,,PASS,
Cell types,Date cell type,Date cell type demo,example1,https://handsontable.com/docs/vue-data-grid/date-cell-type/#example1,prod,PASS,,PASS,
Cell types,Time cell type,Time cell type demo,example1,https://handsontable.com/docs/vue-data-grid/time-cell-type/#example1,prod,PASS,,PASS,
Cell types,Checkbox cell type,Checkbox true/false values,example1,https://handsontable.com/docs/vue-data-grid/checkbox-cell-type/#example1,prod,PASS,,PASS,
Cell types,Checkbox cell type,Checkbox template,example2,https://handsontable.com/docs/vue-data-grid/checkbox-cell-type/#example2,prod,PASS,,PASS,
Cell types,Checkbox cell type,Checkbox labels,example3,https://handsontable.com/docs/vue-data-grid/checkbox-cell-type/#example3,prod,PASS,,PASS,
Cell types,Checkbox cell type,Label value as a function,example4,https://handsontable.com/docs/vue-data-grid/checkbox-cell-type/#example4,prod,PASS,,PASS,
Cell types,Select cell type,Usage,example1,https://handsontable.com/docs/vue-data-grid/select-cell-type/#example1,prod,PASS,,PASS,
Cell types,Dropdown cell type,Usage,example1,https://handsontable.com/docs/vue-data-grid/dropdown-cell-type/#example1,prod,PASS,,PASS,
Cell types,Dropdown cell type,Array of values,example2,https://handsontable.com/docs/vue-data-grid/dropdown-cell-type/#example2,prod,PASS,,PASS,
Cell types,Dropdown cell type,Array of objects,example3,https://handsontable.com/docs/vue-data-grid/dropdown-cell-type/#example3,prod,PASS,,PASS,
Cell types,Dropdown cell type,Set the dropdown width,example4,https://handsontable-docs-staging.pages.dev/docs/vue-data-grid/dropdown-cell-type/#example4,dev (staging),PASS,,PASS,
Cell types,Dropdown cell type,Set the dropdown height,example5,https://handsontable-docs-staging.pages.dev/docs/vue-data-grid/dropdown-cell-type/#example5,dev (staging),PASS,,PASS,
Cell types,Autocomplete cell type,Autocomplete flexible mode,example1,https://handsontable.com/docs/vue-data-grid/autocomplete-cell-type/#example1,prod,PASS,,PASS,
Cell types,Autocomplete cell type,Autocomplete strict mode,example2,https://handsontable.com/docs/vue-data-grid/autocomplete-cell-type/#example2,prod,PASS,,PASS,
Cell types,Autocomplete cell type,Autocomplete strict mode with asynchronous data,example3,https://handsontable.com/docs/vue-data-grid/autocomplete-cell-type/#example3,prod,PASS,,PASS,
Cell types,Autocomplete cell type,Array of values,example4,https://handsontable.com/docs/vue-data-grid/autocomplete-cell-type/#example4,prod,PASS,,PASS,
Cell types,Autocomplete cell type,Array of objects,example5,https://handsontable.com/docs/vue-data-grid/autocomplete-cell-type/#example5,prod,PASS,,PASS,
Cell types,Autocomplete cell type,The filter option,example6,https://handsontable.com/docs/vue-data-grid/autocomplete-cell-type/#example6,prod,PASS,,PASS,
Cell types,Autocomplete cell type,The filteringCaseSensitive option,example7,https://handsontable.com/docs/vue-data-grid/autocomplete-cell-type/#example7,prod,PASS,,PASS,
Cell types,MultiSelect cell type,Array of values,example1,https://handsontable.com/docs/vue-data-grid/multiselect-cell-type/#example1,prod,PASS,,PASS,
Cell types,MultiSelect cell type,Array of objects,example2,https://handsontable.com/docs/vue-data-grid/multiselect-cell-type/#example2,prod,PASS,,PASS,
Cell types,MultiSelect cell type,Other options,example3,https://handsontable.com/docs/vue-data-grid/multiselect-cell-type/#example3,prod,PASS,,PASS,
Cell types,Password cell type,Overview,example1,https://handsontable.com/docs/vue-data-grid/password-cell-type/#example1,prod,PASS,,PASS,
Cell types,Password cell type,Fixed hash length,example2,https://handsontable.com/docs/vue-data-grid/password-cell-type/#example2,prod,PASS,,PASS,
Cell types,Password cell type,Custom hash symbol,example3,https://handsontable.com/docs/vue-data-grid/password-cell-type/#example3,prod,PASS,,PASS,
Cell types,Password cell type,Reveal delay,example4,https://handsontable.com/docs/vue-data-grid/password-cell-type/#example4,prod,PASS,,PASS,
Cell types,Handsontable cell type,Basic example,example1,https://handsontable.com/docs/vue-data-grid/handsontable-cell-type/#example1,prod,PASS,,PASS,
Formulas,Formula calculation,Basic multi-sheet example,example1,https://handsontable.com/docs/vue-data-grid/formula-calculation/#example1,prod,PASS,,PASS,
Formulas,Formula calculation,Data grid example,example-data-grid,https://handsontable.com/docs/vue-data-grid/formula-calculation/#example-data-grid,prod,PASS,,PASS,
Formulas,Formula calculation,Demo: plain-value named expression,example-named-expressions1,https://handsontable.com/docs/vue-data-grid/formula-calculation/#example-named-expressions1,prod,PASS,,PASS,
Formulas,Formula calculation,Demo: formula-based named expressions,example-named-expressions2,https://handsontable.com/docs/vue-data-grid/formula-calculation/#example-named-expressions2,prod,PASS,,PASS,
Formulas,Formula calculation,Demo: custom COMMISSION function,example-custom-functions,https://handsontable-docs-staging.pages.dev/docs/vue-data-grid/formula-calculation/#example-custom-functions,dev (staging),PASS,,WARN,"builds and runs, but hyperformula/typings/* type-only imports are blocked by hyperformula's exports map — they show as TS errors in the StackBlitz editor"
Server-side data,Server-side data,Demo,example1,https://handsontable.com/docs/vue-data-grid/server-side-data/#example1,prod,WARN,renders 0 rows without a backend (expected locally) — verify once on prod,PASS,
Data management,Binding to data,Array of arrays,example1,https://handsontable.com/docs/vue-data-grid/binding-to-data/#example1,prod,PASS,,PASS,
Data management,Binding to data,Array of arrays with a selective display of columns,example2,https://handsontable.com/docs/vue-data-grid/binding-to-data/#example2,prod,PASS,,PASS,
Data management,Binding to data,Array of objects,example3,https://handsontable.com/docs/vue-data-grid/binding-to-data/#example3,prod,PASS,,PASS,
Data management,Binding to data,Array of objects with column as a function,example4,https://handsontable.com/docs/vue-data-grid/binding-to-data/#example4,prod,PASS,,PASS,
Data management,Binding to data,Array of objects with column mapping,example5,https://handsontable.com/docs/vue-data-grid/binding-to-data/#example5,prod,PASS,,PASS,
Data management,Binding to data,Array of objects with custom data schema,example6,https://handsontable.com/docs/vue-data-grid/binding-to-data/#example6,prod,WARN,renders 0 rows in ALL frameworks: dataSchema demo passes data: [] which suppresses startRows — content fix needed,PASS,
Data management,Binding to data,Function data source and schema,example7,https://handsontable.com/docs/vue-data-grid/binding-to-data/#example7,prod,PASS,,PASS,
Data management,Binding to data,No data,example9,https://handsontable.com/docs/vue-data-grid/binding-to-data/#example9,prod,PASS,,PASS,
Data management,Binding to data,Understand binding as a reference,example10,https://handsontable.com/docs/vue-data-grid/binding-to-data/#example10,prod,PASS,,PASS,
Data management,Binding to data,Working with a copy of data,example11,https://handsontable.com/docs/vue-data-grid/binding-to-data/#example11,prod,PASS,,PASS,
Data management,Saving data,Save changes using a callback,example1,https://handsontable.com/docs/vue-data-grid/saving-data/#example1,prod,PASS,,PASS,
Data management,Events and hooks,External control,example3,https://handsontable.com/docs/vue-data-grid/events-and-hooks/#example3,prod,PASS,,PASS,
Data management,Events and hooks,The beforeKeyDown callback,example2,https://handsontable.com/docs/vue-data-grid/events-and-hooks/#example2,prod,PASS,,FAIL,"vite build fails: Missing ""./helpers/dom/event"" specifier in ""handsontable"" package — the import is not exposed by the published package exports map"
Data management,Export to Excel,Example,example1,https://handsontable.com/docs/vue-data-grid/export-to-excel/#example1,prod,PASS,,PASS,
Data management,Export to Excel,Multi-sheet export,example2,https://handsontable.com/docs/vue-data-grid/export-to-excel/#example2,prod,PASS,,PASS,
Data management,Export to Excel,Context menu,example3,https://handsontable.com/docs/vue-data-grid/export-to-excel/#example3,prod,PASS,,PASS,
Data management,Export to CSV,Export to file,example1,https://handsontable.com/docs/vue-data-grid/export-to-csv/#example1,prod,PASS,,PASS,
Data management,Export to CSV,Export as a JavaScript Blob object,example2,https://handsontable.com/docs/vue-data-grid/export-to-csv/#example2,prod,PASS,,PASS,
Data management,Export to CSV,Export as a string,example3,https://handsontable.com/docs/vue-data-grid/export-to-csv/#example3,prod,PASS,,PASS,
Data management,Export to CSV,Prevent CSV Injection attack,example4,https://handsontable.com/docs/vue-data-grid/export-to-csv/#example4,prod,PASS,,PASS,
Data management,Clipboard,Context menu,example1,https://handsontable.com/docs/vue-data-grid/basic-clipboard/#example1,prod,PASS,,PASS,
Data management,Clipboard,Trigger copy & cut programmatically,example3,https://handsontable.com/docs/vue-data-grid/basic-clipboard/#example3,prod,PASS,,PASS,
Data management,Clipboard,Copy with headers,example2,https://handsontable.com/docs/vue-data-grid/basic-clipboard/#example2,prod,PASS,,PASS,
Data management,Handling collaboration and simultaneous editing,Avoid overwriting a cell that's being edited,example1,https://handsontable-docs-staging.pages.dev/docs/vue-data-grid/collaboration/#example1,dev (staging),PASS,,PASS,
Accessories and menus,Context menu,Context menu with default options,example1,https://handsontable.com/docs/vue-data-grid/context-menu/#example1,prod,PASS,,PASS,
Accessories and menus,Context menu,Context menu with selected options,example2,https://handsontable.com/docs/vue-data-grid/context-menu/#example2,prod,PASS,,PASS,
Accessories and menus,Context menu,Context menu with custom options,example4,https://handsontable.com/docs/vue-data-grid/context-menu/#example4,prod,PASS,,PASS,
Accessories and menus,Context menu,Menu item configuration options,example3,https://handsontable.com/docs/vue-data-grid/context-menu/#example3,prod,PASS,,PASS,
Accessories and menus,Column menu,Quick setup,example1,https://handsontable.com/docs/vue-data-grid/column-menu/#example1,prod,PASS,,PASS,
Accessories and menus,Column menu,Plugin configuration,example2,https://handsontable.com/docs/vue-data-grid/column-menu/#example2,prod,PASS,,PASS,
Accessories and menus,Drag to scroll,Enable drag to scroll,example1,https://handsontable.com/docs/vue-data-grid/drag-to-scroll/#example1,prod,PASS,,PASS,
Accessories and menus,Drag to scroll,Configure scroll speed,example2,https://handsontable.com/docs/vue-data-grid/drag-to-scroll/#example2,prod,PASS,,PASS,
Accessories and menus,Undo and redo,Basic demo,example,https://handsontable.com/docs/vue-data-grid/undo-redo/#example,prod,PASS,,PASS,
Accessories and menus,Empty Data State,Basic configuration,example1,https://handsontable.com/docs/vue-data-grid/empty-data-state/#example1,prod,PASS,empty grid is the demoed feature,PASS,
Accessories and menus,Empty Data State,Custom configuration,example2,https://handsontable.com/docs/vue-data-grid/empty-data-state/#example2,prod,PASS,empty grid is the demoed feature,PASS,
Accessories and menus,Empty Data State,Dynamic messages based on source,example3,https://handsontable.com/docs/vue-data-grid/empty-data-state/#example3,prod,PASS,empty grid is the demoed feature,PASS,
Accessories and menus,Dialog,Basic configuration,example1,https://handsontable.com/docs/vue-data-grid/dialog/#example1,prod,PASS,,PASS,
Accessories and menus,Dialog,Plain text content,example2,https://handsontable.com/docs/vue-data-grid/dialog/#example2,prod,PASS,,PASS,
Accessories and menus,Dialog,HTML content,example3,https://handsontable.com/docs/vue-data-grid/dialog/#example3,prod,PASS,,PASS,
Accessories and menus,Dialog,Template types,example4,https://handsontable.com/docs/vue-data-grid/dialog/#example4,prod,PASS,,PASS,
Accessories and menus,Dialog,Background variants,example5,https://handsontable.com/docs/vue-data-grid/dialog/#example5,prod,PASS,,PASS,
Accessories and menus,Dialog,Content background,example6,https://handsontable.com/docs/vue-data-grid/dialog/#example6,prod,PASS,,PASS,
Accessories and menus,Dialog,Dialog accessibility,example7,https://handsontable.com/docs/vue-data-grid/dialog/#example7,prod,PASS,,PASS,
Accessories and menus,Dialog,Show and hide dialog,example8,https://handsontable.com/docs/vue-data-grid/dialog/#example8,prod,PASS,,PASS,
Accessories and menus,Loading,Basic configuration,example1,https://handsontable.com/docs/vue-data-grid/loading/#example1,prod,PASS,,PASS,
Accessories and menus,Loading,Custom configuration,example2,https://handsontable.com/docs/vue-data-grid/loading/#example2,prod,PASS,,PASS,
Accessories and menus,Loading,Real-world usage,example3,https://handsontable.com/docs/vue-data-grid/loading/#example3,prod,PASS,"grid fills after clicking ""Load data"" — empty start is by design",PASS,
Accessories and menus,Loading,Loading with Pagination plugin,example4,https://handsontable.com/docs/vue-data-grid/loading/#example4,prod,PASS,"grid fills after clicking ""Load data"" — empty start is by design",PASS,
Accessories and menus,Notification,Basic configuration,example1,https://handsontable.com/docs/vue-data-grid/notification/#example1,prod,PASS,,PASS,
Accessories and menus,Notification,Toolbar actions (inventory-style),example2,https://handsontable.com/docs/vue-data-grid/notification/#example2,prod,PASS,,PASS,
Internationalization,Language,Demo,example1,https://handsontable.com/docs/vue-data-grid/language/#example1,prod,PASS,,PASS,
Internationalization,Layout direction,RTL demo,example1,https://handsontable.com/docs/vue-data-grid/layout-direction/#example1,prod,PASS,,PASS,
Internationalization,Layout direction,Set the layout direction automatically,example2,https://handsontable.com/docs/vue-data-grid/layout-direction/#example2,prod,PASS,,PASS,
Internationalization,Layout direction,Set the layout direction to RTL,example3,https://handsontable.com/docs/vue-data-grid/layout-direction/#example3,prod,PASS,,PASS,
Internationalization,Layout direction,Set the layout direction to LTR,example4,https://handsontable.com/docs/vue-data-grid/layout-direction/#example4,prod,PASS,,PASS,
Internationalization,Layout direction,Set the horizontal text alignment,example5,https://handsontable.com/docs/vue-data-grid/layout-direction/#example5,prod,PASS,,PASS,
Accessibility and navigation,Focus scopes,Inline scopes,example1,https://handsontable.com/docs/vue-data-grid/focus-scopes/#example1,prod,PASS,,PASS,
Accessibility and navigation,Focus scopes,Modal scopes,example2,https://handsontable.com/docs/vue-data-grid/focus-scopes/#example2,prod,PASS,,PASS,
Accessibility and navigation,Searching values,Simplest use case,example1,https://handsontable.com/docs/vue-data-grid/searching-values/#example1,prod,PASS,,PASS,
Accessibility and navigation,Searching values,Custom search result class,example2,https://handsontable.com/docs/vue-data-grid/searching-values/#example2,prod,PASS,,PASS,
Accessibility and navigation,Searching values,Custom query method,example3,https://handsontable.com/docs/vue-data-grid/searching-values/#example3,prod,PASS,,PASS,
Accessibility and navigation,Searching values,Custom callback,example4,https://handsontable.com/docs/vue-data-grid/searching-values/#example4,prod,PASS,,PASS,
Accessibility and navigation,Accessibility,Accessible data grid demo,example2,https://handsontable.com/docs/vue-data-grid/accessibility/#example2,prod,PASS,,PASS,
Optimization,Batch operations,Live demo of the suspend feature,example1,https://handsontable.com/docs/vue-data-grid/batch-operations/#example1,prod,PASS,,PASS,
